userID,placeID,rating
U1077,134999,
U1077,132825,
U1077,135106,
U1077,132667,
U1077,132613,
U1077,135040,
U1077,132732,
U1077,132875,
U1077,132609,
U1077,135082,
U1077,135070,
U1077,135069,
U1077,135065,
U1077,135076,
U1077,135086,
U1077,132870,
U1077,132854,
U1077,132937,
U1077,132856,
U1077,132668,
U1077,135033,
U1077,132862,
U1077,134983,
U1077,132851,
U1077,135013,
U1077,135042,
U1077,132768,
U1077,132561,
U1077,135045,
U1077,132847,
U1077,135054,
U1077,134975,
U1077,135053,
U1077,135050,
U1077,135025,
U1077,135030,
U1077,135057,
U1077,135079,
U1077,134992,
U1077,132954,
U1077,135041,
U1077,132608,
U1077,135046,
U1077,132564,
U1077,132869,
U1077,132925,
U1077,132955,
U1077,135059,
U1077,135001,
U1077,135063,
U1077,135080,
U1077,135000,
U1077,135066,
U1077,135034,
U1077,135060,
U1077,135055,
U1077,135108,
U1077,135074,
U1077,135018,
U1077,135064,
U1077,135038,
U1077,135081,
U1077,132723,
U1077,135051,
U1077,135021,
U1077,135052,
U1077,132845,
U1077,135011,
U1077,132858,
U1077,135026,
U1077,132884,
U1077,135016,
U1077,135104,
U1077,132630,
U1077,135047,
U1077,132951,
U1077,132665,
U1077,135044,
U1077,135035,
U1077,135071,
U1077,132834,
U1077,132846,
U1077,135048,
U1077,132717,
U1077,132861,
U1077,132885,
U1077,132740,
U1077,132830,
U1077,132773,
U1077,132706,
U1077,132872,
U1077,134987,
U1077,132572,
U1077,132958,
U1077,132733,
U1077,132922,
U1077,132715,
U1077,135027,
U1077,132767,
U1077,135039,
U1077,134996,
U1077,132755,
U1077,135043,
U1077,132654,
U1077,135049,
U1077,135073,
U1077,132560,
U1077,134976,
U1077,135075,
U1077,132660,
U1077,132921,
U1077,132594,
U1077,134986,
U1077,135062,
U1077,132766,
U1077,135088,
U1077,135058,
U1077,132754,
U1077,132584,
U1077,135032,
U1077,135028,
U1077,135085,
U1077,132663,
U1077,132626,
U1077,132583,
U1077,132866,
U1077,135072,
U1077,135109,
U1077,135019,
U1077,132877,
U1077,132740,
U1077,132733,
U1077,132668,
U1077,132660,
U1077,132733,
U1077,132608,
U1077,132660,
U1077,132584,
U1077,132609,
U1077,135104,
U1077,132667,
U1077,132564,
U1077,132715,
U1077,132732,
U1077,132733,
U1077,135011,
U1077,134987,
U1077,134976,
U1077,135018,
U1077,132766,
U1077,135088,
U1077,135016,
U1077,132773,
U1077,135000,
U1077,132583,
U1077,132768,
U1077,135021,
U1077,134983,
U1077,135001,
U1077,134992,
U1077,135088,
U1077,132768,
U1077,134996,
U1077,135109,
U1077,135088,
U1077,135109,
U1077,132768,
U1077,135051,
U1077,135075,
U1077,132572,
U1077,135028,
U1077,135025,
U1077,132572,
U1077,135049,
U1077,135106,
U1077,135072,
U1077,135074,
U1077,132755,
U1077,135044,
U1077,135048,
U1077,135047,
U1077,132754,
U1077,132825,
U1077,135076,
U1077,135032,
U1077,132825,
U1077,135063,
U1077,135018,
U1077,132773,
U1077,135042,
U1077,135053,
U1077,132754,
U1077,132583,
U1077,135081,
U1077,135025,
U1077,135038,
U1077,135060,
U1077,135062,
U1077,135047,
U1077,135042,
U1077,135069,
U1077,135057,
U1077,135076,
U1077,135043,
U1077,135069,
U1077,135039,
U1077,135060,
U1077,135052,
U1077,132825,
U1077,135032,
U1077,135028,
U1077,135085,
U1077,135052,
U1077,135030,
U1077,135027,
U1077,132830,
U1077,132825,
U1077,135076,
U1077,132830,
U1077,135108,
U1077,135069,
U1077,135050,
U1077,135057,
U1077,135081,
U1077,135057,
U1077,135070,
U1077,135041,
U1077,135069,
U1077,135082,
U1077,135043,
U1077,135042,
U1077,135071,
U1077,135054,
U1077,135070,
U1077,135066,
U1077,135032,
U1077,135081,
U1077,135051,
U1077,132830,
U1077,135082,
U1077,135066,
U1077,135050,
U1077,135076,
U1077,135081,
U1077,135062,
U1077,135027,
U1077,135085,
U1077,135052,
U1077,132825,
U1077,135051,
U1077,135047,
U1077,135026,
U1077,135044,
U1077,132825,
U1077,135059,
U1077,135065,
U1077,135046,
U1077,135085,
U1077,135079,
U1077,135055,
U1077,132754,
U1077,132572,
U1077,135075,
U1077,135080,
U1077,135064,
U1077,135074,
U1077,135041,
U1077,135069,
U1077,135032,
U1077,135057,
U1077,132830,
U1077,135028,
U1077,135040,
U1077,135106,
U1077,135052,
U1077,135041,
U1077,135038,
U1077,135054,
U1077,135108,
U1077,134986,
U1077,135054,
U1077,132768,
U1077,135108,
U1077,135032,
U1077,135071,
U1077,135070,
U1077,135069,
U1077,135081,
U1077,135057,
U1077,135039,
U1077,135050,
U1077,135043,
U1077,135043,
U1077,135081,
U1077,135076,
U1077,135082,
U1077,135050,
U1077,135066,
U1077,135032,
U1077,134986,
U1077,135021,
U1077,135001,
U1077,135042,
U1077,132583,
U1077,135063,
U1077,132768,
U1077,135060,
U1077,135038,
U1077,135062,
U1077,135081,
U1077,135057,
U1077,135066,
U1077,135032,
U1077,135062,
U1077,135025,
U1077,135069,
U1077,135108,
U1077,135039,
U1077,135038,
U1077,135027,
U1077,135042,
U1077,135040,
U1077,135073,
U1077,135033,
U1077,135025,
U1077,135032,
U1077,135057,
U1077,135060,
U1077,135052,
U1077,135038,
U1077,135081,
U1077,135045,
U1077,135051,
U1077,135073,
U1077,135062,
U1077,135063,
U1077,135054,
U1077,135082,
U1077,135057,
U1077,135071,
U1077,132830,
U1077,135070,
U1077,135108,
U1077,135069,
U1077,135047,
U1077,135060,
U1077,135038,
U1077,135085,
U1077,135052,
U1077,135025,
U1077,135059,
U1077,135027,
U1077,132825,
U1077,135030,
U1077,132834,
U1077,135057,
U1077,135069,
U1077,132830,
U1077,135040,
U1077,135033,
U1077,135054,
U1077,135039,
U1077,135052,
U1077,135081,
U1077,135066,
U1077,135050,
U1077,135108,
U1077,135076,
U1077,135057,
U1077,135032,
U1077,132834,
U1077,135057,
U1077,132830,
U1077,135062,
U1077,135039,
U1077,135051,
U1077,135041,
U1077,135057,
U1077,135082,
U1077,135054,
U1077,135108,
U1077,135069,
U1077,132830,
U1077,135070,
U1077,135071,
U1077,135000,
U1077,132834,
U1077,135106,
U1077,135042,
U1077,132825,
U1077,135060,
U1077,135032,
U1077,135039,
U1077,135045,
U1077,135027,
U1077,135073,
U1077,135051,
U1077,135041,
U1077,135038,
U1077,135028,
U1077,135030,
U1077,135038,
U1077,132825,
U1077,135085,
U1077,135062,
U1077,135025,
U1077,135052,
U1077,135028,
U1077,135032,
U1077,135051,
U1077,135027,
U1077,135050,
U1077,135076,
U1077,132830,
U1077,135066,
U1077,135041,
U1077,135057,
U1077,135043,
U1077,135042,
U1077,135032,
U1077,135085,
U1077,132845,
U1077,135032,
U1077,135045,
U1077,135038,
U1077,135060,
U1077,135028,
U1077,135106,
U1077,135057,
U1077,135062,
U1077,135026,
U1077,135032,
U1077,132846,
U1077,135027,
U1077,132847,
U1077,135054,
U1077,135082,
U1077,135070,
U1077,132845,
U1077,135108,
U1077,132847,
U1077,132830,
U1077,135000,
U1077,134996,
U1077,134986,
U1077,132851,
U1077,132834,
U1077,135064,
U1077,135079,
U1077,135042,
U1077,135085,
U1077,135025,
U1077,132825,
U1077,135059,
U1077,135052,
U1077,132754,
U1077,135065,
U1077,135045,
U1077,132854,
U1077,132856,
U1077,132858,
U1077,132861,
U1077,132862,
U1077,132862,
U1077,135063,
U1077,135052,
U1077,135060,
U1077,135042,
U1077,132825,
U1077,132856,
U1077,135032,
U1077,132834,
U1077,135039,
U1077,135028,
U1077,135025,
U1077,135030,
U1077,135053,
U1077,135058,
U1077,132862,
U1077,135072,
U1077,135030,
U1077,135026,
U1077,135035,
U1077,135045,
U1077,132861,
U1077,135085,
U1077,132723,
U1077,132825,
U1077,135041,
U1077,132830,
U1077,135076,
U1077,135038,
U1077,132856,
U1077,135070,
U1077,135082,
U1077,135108,
U1077,132858,
U1077,135069,
U1077,132846,
U1077,132845,
U1077,132851,
U1077,132847,
U1077,135038,
U1077,135057,
U1077,135085,
U1077,135032,
U1077,135079,
U1077,135046,
U1077,132856,
U1077,132854,
U1077,135039,
U1077,132825,
U1077,135085,
U1077,135030,
U1077,135062,
U1077,135047,
U1077,135052,
U1077,132834,
U1077,135106,
U1077,132754,
U1077,135052,
U1077,132856,
U1077,135032,
U1077,135025,
U1077,132834,
U1077,135047,
U1077,135042,
U1077,135039,
U1077,132866,
U1077,135066,
U1077,135085,
U1077,135033,
U1077,135062,
U1077,132862,
U1077,135030,
U1077,135079,
U1077,135064,
U1077,132869,
U1077,132870,
U1077,135041,
U1077,134986,
U1077,134976,
U1077,132768,
U1077,132766,
U1077,132825,
U1077,135064,
U1077,132856,
U1077,135085,
U1077,135032,
U1077,132834,
U1077,135052,
U1077,135060,
U1077,135051,
U1077,135041,
U1077,132754,
U1077,132862,
U1077,135060,
U1077,135059,
U1077,132834,
U1077,135058,
U1077,135038,
U1077,132825,
U1077,135052,
U1077,135063,
U1077,135079,
U1077,132834,
U1077,135042,
U1077,135032,
U1077,135106,
U1077,132856,
U1077,135045,
U1077,135060,
U1077,135066,
U1077,135085,
U1077,135052,
U1077,132862,
U1077,135051,
U1077,135062,
U1077,132875,
U1077,132877,
U1077,132884,
U1077,132872,
U1077,135034,
U1077,135058,
U1077,135086,
U1077,132861,
U1077,135049,
U1077,132723,
U1077,132723,
U1077,135086,
U1077,135055,
U1077,135058,
U1077,135085,
U1077,135064,
U1077,135035,
U1077,135072,
U1077,135025,
U1077,135032,
U1077,135086,
U1077,132572,
U1077,135038,
U1077,132885,
U1077,135076,
U1077,132834,
U1077,132866,
U1077,132858,
U1077,135043,
U1077,132885,
U1077,132854,
U1077,132872,
U1077,135108,
U1077,132851,
U1077,132856,
U1077,132869,
U1077,135066,
U1077,135069,
U1077,135038,
U1077,135060,
U1077,135045,
U1077,132846,
U1077,135054,
U1077,135042,
U1077,132773,
U1077,134999,
U1077,135013,
U1077,135019,
U1077,135021,
U1077,135021,
U1077,132767,
U1077,135013,
U1077,134999,
U1077,135019,
U1077,132767,
U1077,134999,
U1077,132768,
U1077,135021,
U1077,134996,
U1077,135079,
U1077,135072,
U1077,135085,
U1077,135076,
U1077,135062,
U1077,135060,
U1077,135039,
U1077,135052,
U1077,132856,
U1077,135051,
U1077,135025,
U1077,135041,
U1077,135038,
U1077,135032,
U1077,135045,
U1077,134986,
U1077,134992,
U1077,132845,
U1077,135071,
U1077,132858,
U1077,132854,
U1077,132877,
U1077,135071,
U1077,132851,
U1077,135108,
U1077,132869,
U1077,132869,
U1077,132870,
U1077,132851,
U1077,132847,
U1077,135082,
U1077,132854,
U1077,132845,
U1077,132866,
U1077,132870,
U1077,135054,
U1077,132869,
U1077,132851,
U1077,132877,
U1077,132872,
U1077,132872,
U1077,135039,
U1077,135027,
U1077,135073,
U1077,135106,
U1077,132856,
U1077,135032,
U1077,135038,
U1077,135051,
U1077,135052,
U1077,135041,
U1077,135085,
U1077,135040,
U1077,135039,
U1077,135045,
U1077,135033,
U1077,135025,
U1077,135051,
U1077,135085,
U1077,135106,
U1077,135052,
U1077,135041,
U1077,132872,
U1077,135058,
U1077,135079,
U1077,135085,
U1077,135042,
U1077,132856,
U1077,132825,
U1077,132834,
U1077,135038,
U1077,132834,
U1077,135060,
U1077,135058,
U1077,135032,
U1077,135063,
U1077,132856,
U1077,135045,
U1077,135028,
U1077,135032,
U1077,135042,
U1077,135060,
U1077,135049,
U1077,135026,
U1077,135034,
U1077,135048,
U1077,135065,
U1077,132755,
U1077,132723,
U1077,135085,
U1077,135053,
U1077,135071,
U1077,132825,
U1077,135085,
U1077,135052,
U1077,135046,
U1077,135062,
U1077,132572,
U1077,135038,
U1077,135045,
U1077,135025,
U1077,132834,
U1077,132723,
U1077,134996,
U1077,132875,
U1077,135043,
U1077,132885,
U1077,135050,
U1077,135076,
U1077,135081,
U1077,135028,
U1077,132856,
U1077,135042,
U1077,135059,
U1077,132825,
U1077,132872,
U1077,135055,
U1077,135032,
U1077,132825,
U1077,135063,
U1077,135042,
U1077,135058,
U1077,135085,
U1077,135038,
U1077,132872,
U1077,135081,
U1077,135060,
U1077,135106,
U1077,135041,
U1077,132834,
U1077,135052,
U1077,135079,
U1077,132846,
U1077,132885,
U1077,135060,
U1077,132856,
U1077,135026,
U1077,135066,
U1077,135065,
U1077,132872,
U1077,135058,
U1077,132834,
U1077,132754,
U1077,135079,
U1077,135038,
U1077,135085,
U1077,135030,
U1077,135064,
U1077,135053,
U1077,132921,
U1077,132922,
U1077,132925,
U1077,132921,
U1077,135085,
U1077,132825,
U1077,135079,
U1077,135032,
U1077,135038,
U1077,132861,
U1077,135046,
U1077,132862,
U1077,132921,
U1077,132884,
U1077,135055,
U1077,135035,
U1077,135065,
U1077,135028,
U1077,135085,
U1077,135046,
U1077,135045,
U1077,132951,
U1077,132572,
U1077,132921,
U1077,135075,
U1077,135038,
U1077,135030,
U1077,135058,
U1077,135064,
U1077,135028,
U1077,132951,
U1077,135064,
U1077,132921,
U1077,132825,
U1077,132754,
U1077,135075,
U1077,135026,
U1077,132862,
U1077,132872,
U1077,135085,
U1077,135041,
U1077,135072,
U1077,132834,
U1077,132937,
U1077,132875,
U1077,135038,
U1077,132922,
U1077,132825,
U1077,135075,
U1077,135079,
U1077,132723,
U1077,132861,
U1077,132755,
U1077,132875,
U1077,135080,
U1077,135086,
U1077,135079,
U1077,135066,
U1077,135080,
U1077,132921,
U1077,132572,
U1077,135052,
U1077,132884,
U1077,135035,
U1077,132937,
U1077,132951,
U1077,132925,
U1077,132872,
U1077,132875,
U1077,135085,
U1077,135042,
U1077,135062,
U1077,135047,
U1077,135059,
U1077,132937,
U1077,135085,
U1077,132834,
U1077,132754,
U1077,132825,
U1077,132921,
U1077,132862,
U1077,132922,
U1077,135063,
U1077,132921,
U1077,135085,
U1077,132922,
U1077,132937,
U1077,135045,
U1077,135041,
U1077,135060,
U1077,132951,
U1077,132921,
U1077,132834,
U1077,132951,
U1077,135062,
U1077,135086,
U1077,135085,
U1077,132834,
U1077,132572,
U1077,132862,
U1077,135058,
U1077,135059,
U1077,135062,
U1077,132825,
U1077,132723,
U1077,132755,
U1077,135042,
U1077,132884,
U1077,135049,
U1077,135075,
U1077,132825,
U1077,135065,
U1077,135058,
U1077,132723,
U1077,132951,
U1077,132872,
U1077,132834,
U1077,135072,
U1077,132754,
U1077,132755,
U1077,132825,
U1077,135048,
U1077,132921,
U1077,135026,
U1077,132723,
U1077,135075,
U1077,135034,
U1077,135041,
U1077,132572,
U1077,135075,
U1077,135046,
U1077,132572,
U1077,135058,
U1077,135044,
U1077,135065,
U1077,132921,
U1077,135085,
U1077,132572,
U1077,135058,
U1077,132951,
U1077,132861,
U1077,135001,
U1077,134983,
U1077,135021,
U1077,134992,
U1077,132768,
U1077,135109,
U1077,132954,
U1077,132955,
U1077,132958,
U1077,132754,
U1077,135064,
U1077,135075,
U1077,135028,
U1077,132834,
U1077,135086,
U1077,132754,
U1077,135080,
U1077,135062,
U1077,135052,
U1077,135047,
U1077,135026,
U1077,135064,
U1077,132862,
U1077,135070,
U1077,132954,
U1077,135043,
U1077,135079,
U1077,135062,
U1077,135051,
U1077,132954,
U1077,135048,
U1077,132954,
U1077,135086,
U1077,132955,
U1077,132921,
U1077,132958,
U1077,135046,
U1077,135085,
U1077,132572,
U1077,132922,
U1077,132866,
U1077,135080,
U1077,132834,
U1077,132825,
U1077,132862,
U1077,132954,
U1077,132877,
U1077,135064,
U1077,135046,
U1077,135025,
U1077,132925,
U1077,132862,
U1077,135075,
U1077,132847,
U1077,135030,
U1077,135071,
U1077,132834,
U1077,132958,
U1077,132825,
U1077,135028,
U1077,135047,
U1077,132846,
U1077,135064,
U1077,132830,
U1077,135079,
U1077,135058,
U1077,132954,
U1077,132958,
U1077,135026,
U1077,132955,
U1077,135044,
U1077,132862,
U1077,135085,
U1077,135030,
U1077,135053,
U1077,132825,
U1077,132754,
U1077,135058,
U1077,132875,
U1077,135079,
U1077,132925,
U1077,135064,
U1077,132921,
U1077,135060,
U1077,132954,
U1077,132951,
U1077,132921,
U1077,132955,
U1077,132884,
U1077,135049,
U1077,135034,
U1077,132954,
U1077,135079,
U1077,132875,
U1077,135026,
U1077,132922,
U1077,132572,
U1077,135075,
U1077,132825,
U1077,135048,
U1077,135030,
U1077,132884,
U1077,135054,
U1077,132869,
U1077,132866,
U1077,135082,
U1077,132851,
U1077,132870,
U1077,135062,
U1077,132572,
U1077,135064,
U1077,135080,
U1077,132951,
U1077,132954,
U1077,135052,
U1077,132834,
U1077,135060,
U1077,135065,
U1077,132862,
U1077,132921,
U1077,135042,
U1077,135032,
U1077,135051,
U1077,135085,
U1077,132862,
U1077,135052,
U1077,135076,
U1077,135043,
U1077,135058,
U1077,135053,
U1077,132885,
U1077,135050,
U1077,132872,
U1077,135066,
U1077,132921,
U1077,135062,
U1077,135106,
U1077,132825,
U1077,135052,
U1077,132862,
U1077,132875,
U1077,135059,
U1077,135041,
U1077,132925,
U1077,135085,
U1077,135025,
U1077,135072,
U1077,135064,
U1077,135086,
U1077,135055,
U1077,135074,
U1077,135026,
U1077,132862,
U1077,132955,
U1077,132921,
U1077,135072,
U1077,132723,
U1077,135055,
U1077,135064,
U1077,132958,
U1077,135075,
U1077,132958,
U1077,135048,
U1077,135046,
U1077,135028,
U1077,135086,
U1077,135053,
U1077,132861,
U1077,135062,
U1077,135055,
U1077,135053,
U1077,135058,
U1077,135079,
U1077,135059,
U1077,135064,
U1077,135047,
U1077,135065,
U1077,132854,
U1077,132858,
U1077,135042,
U1077,132870,
U1077,135076,
U1077,132847,
U1077,132951,
U1077,135060,
U1077,132732,
U1077,132733,
U1077,135104,
U1077,132732,
U1077,132609,
U1077,132608,
U1077,132560,
U1077,132740,
U1077,132594,
U1077,132584,
U1077,132740,
U1077,132706,
U1077,132654,
U1077,132630,
U1077,132663,
U1077,132613,
U1077,132667,
U1077,135104,
U1077,132660,
U1077,132732,
U1077,132740,
U1077,132560,
U1077,132594,
U1077,132663,
U1077,132626,
U1077,132706,
U1077,132561,
U1077,132665,
U1077,132665,
U1077,132561,
U1077,132626,
U1077,132564,
U1077,132654,
U1077,132665,
U1077,132654,
U1077,132561,
U1077,132626,
U1077,132706,
U1077,132608,
U1077,132609,
U1077,132717,
U1077,132613,
U1077,132564,
U1077,132732,
U1077,132630,
U1077,132715,
U1068,132733,
U1068,132594,
U1068,132660,
U1068,134999,
U1068,132825,
U1068,135106,
U1068,132667,
U1068,132613,
U1068,135040,
U1068,132732,
U1068,132875,
U1068,132609,
U1068,135082,
U1068,135070,
U1068,135069,
U1068,135065,
U1068,135076,
U1068,135086,
U1068,132870,
U1068,132854,
U1068,132937,
U1068,132856,
U1068,132668,
U1068,135033,
U1068,132862,
U1068,134983,
U1068,132851,
U1068,135013,
U1068,135042,
U1068,132768,
U1068,132561,
U1068,135045,
U1068,132847,
U1068,135054,
U1068,134975,
U1068,135053,
U1068,135050,
U1068,135025,
U1068,135030,
U1068,135057,
U1068,135079,
U1068,134992,
U1068,132954,
U1068,135041,
U1068,132608,
U1068,135046,
U1068,132564,
U1068,132869,
U1068,132925,
U1068,132955,
U1068,135059,
U1068,135001,
U1068,135063,
U1068,135080,
U1068,135000,
U1068,135066,
U1068,135034,
U1068,135060,
U1068,135055,
U1068,135108,
U1068,135074,
U1068,135018,
U1068,135064,
U1068,135038,
U1068,135081,
U1068,132723,
U1068,135051,
U1068,135021,
U1068,135052,
U1068,132845,
U1068,135011,
U1068,132858,
U1068,135026,
U1068,132884,
U1068,135016,
U1068,135104,
U1068,132630,
U1068,135047,
U1068,132951,
U1068,132665,
U1068,135044,
U1068,135035,
U1068,135071,
U1068,132834,
U1068,132846,
U1068,135048,
U1068,132717,
U1068,132861,
U1068,132885,
U1068,132740,
U1068,132830,
U1068,132773,
U1068,132706,
U1068,132872,
U1068,134987,
U1068,132572,
U1068,132958,
U1068,132733,
U1068,132922,
U1068,132715,
U1068,135027,
U1068,132767,
U1068,135039,
U1068,134996,
U1068,132755,
U1068,135043,
U1068,132654,
U1068,135049,
U1068,135073,
U1068,132560,
U1068,134976,
U1068,135075,
U1068,132660,
U1068,132921,
U1068,132594,
U1068,134986,
U1068,135062,
U1068,132766,
U1068,135088,
U1068,135058,
U1068,132754,
U1068,132584,
U1068,135032,
U1068,135028,
U1068,135085,
U1068,132663,
U1068,132626,
U1068,132583,
U1068,132866,
U1068,135072,
U1068,135109,
U1068,135019,
U1068,132877,
U1068,132740,
U1068,132733,
U1068,132668,
U1068,132660,
U1068,132733,
U1068,132608,
U1068,132660,
U1068,132584,
U1068,132609,
U1068,135104,
U1068,132667,
U1068,132564,
U1068,132715,
U1068,132732,
U1068,132733,
U1068,135011,
U1068,134987,
U1068,134976,
U1068,135018,
U1068,132766,
U1068,135088,
U1068,135016,
U1068,132773,
U1068,135000,
U1068,132583,
U1068,132768,
U1068,135021,
U1068,134983,
U1068,135001,
U1068,134992,
U1068,135088,
U1068,132768,
U1068,134996,
U1068,135109,
U1068,135088,
U1068,135109,
U1068,132768,
U1068,135051,
U1068,135075,
U1068,132572,
U1068,135028,
U1068,135025,
U1068,132572,
U1068,135049,
U1068,135106,
U1068,135072,
U1068,135074,
U1068,132755,
U1068,135044,
U1068,135048,
U1068,135047,
U1068,132754,
U1068,132825,
U1068,135076,
U1068,135032,
U1068,132825,
U1068,135063,
U1068,135018,
U1068,132773,
U1068,135042,
U1068,135053,
U1068,132754,
U1068,132583,
U1068,135081,
U1068,135025,
U1068,135038,
U1068,135060,
U1068,135062,
U1068,135047,
U1068,135042,
U1068,135069,
U1068,135057,
U1068,135076,
U1068,135043,
U1068,135069,
U1068,135039,
U1068,135060,
U1068,135052,
U1068,132825,
U1068,135032,
U1068,135028,
U1068,135085,
U1068,135052,
U1068,135030,
U1068,135027,
U1068,132830,
U1068,132825,
U1068,135076,
U1068,132830,
U1068,135108,
U1068,135069,
U1068,135050,
U1068,135057,
U1068,135081,
U1068,135057,
U1068,135070,
U1068,135041,
U1068,135069,
U1068,135082,
U1068,135043,
U1068,135042,
U1068,135071,
U1068,135054,
U1068,135070,
U1068,135066,
U1068,135032,
U1068,135081,
U1068,135051,
U1068,132830,
U1068,135082,
U1068,135066,
U1068,135050,
U1068,135076,
U1068,135081,
U1068,135062,
U1068,135027,
U1068,135085,
U1068,135052,
U1068,132825,
U1068,135051,
U1068,135047,
U1068,135026,
U1068,135044,
U1068,132825,
U1068,135059,
U1068,135065,
U1068,135046,
U1068,135085,
U1068,135079,
U1068,135055,
U1068,132754,
U1068,132572,
U1068,135075,
U1068,135080,
U1068,135064,
U1068,135074,
U1068,135041,
U1068,135069,
U1068,135032,
U1068,135057,
U1068,132830,
U1068,135028,
U1068,135040,
U1068,135106,
U1068,135052,
U1068,135041,
U1068,135038,
U1068,135054,
U1068,135108,
U1068,134986,
U1068,135054,
U1068,132768,
U1068,135108,
U1068,135032,
U1068,135071,
U1068,135070,
U1068,135069,
U1068,135081,
U1068,135057,
U1068,135039,
U1068,135050,
U1068,135043,
U1068,135043,
U1068,135081,
U1068,135076,
U1068,135082,
U1068,135050,
U1068,135066,
U1068,135032,
U1068,134986,
U1068,135021,
U1068,135001,
U1068,135042,
U1068,132583,
U1068,135063,
U1068,132768,
U1068,135060,
U1068,135038,
U1068,135062,
U1068,135081,
U1068,135057,
U1068,135066,
U1068,135032,
U1068,135062,
U1068,135025,
U1068,135069,
U1068,135108,
U1068,135039,
U1068,135038,
U1068,135027,
U1068,135042,
U1068,135040,
U1068,135073,
U1068,135033,
U1068,135025,
U1068,135032,
U1068,135057,
U1068,135060,
U1068,135052,
U1068,135038,
U1068,135081,
U1068,135045,
U1068,135051,
U1068,135073,
U1068,135062,
U1068,135063,
U1068,135054,
U1068,135082,
U1068,135057,
U1068,135071,
U1068,132830,
U1068,135070,
U1068,135108,
U1068,135069,
U1068,135047,
U1068,135060,
U1068,135038,
U1068,135085,
U1068,135052,
U1068,135025,
U1068,135059,
U1068,135027,
U1068,132825,
U1068,135030,
U1068,132834,
U1068,135057,
U1068,135069,
U1068,132830,
U1068,135040,
U1068,135033,
U1068,135054,
U1068,135039,
U1068,135052,
U1068,135081,
U1068,135066,
U1068,135050,
U1068,135108,
U1068,135076,
U1068,135057,
U1068,135032,
U1068,132834,
U1068,135057,
U1068,132830,
U1068,135062,
U1068,135039,
U1068,135051,
U1068,135041,
U1068,135057,
U1068,135082,
U1068,135054,
U1068,135108,
U1068,135069,
U1068,132830,
U1068,135070,
U1068,135071,
U1068,135000,
U1068,132834,
U1068,135106,
U1068,135042,
U1068,132825,
U1068,135060,
U1068,135032,
U1068,135039,
U1068,135045,
U1068,135027,
U1068,135073,
U1068,135051,
U1068,135041,
U1068,135038,
U1068,135028,
U1068,135030,
U1068,135038,
U1068,132825,
U1068,135085,
U1068,135062,
U1068,135025,
U1068,135052,
U1068,135028,
U1068,135032,
U1068,135051,
U1068,135027,
U1068,135050,
U1068,135076,
U1068,132830,
U1068,135066,
U1068,135041,
U1068,135057,
U1068,135043,
U1068,135042,
U1068,135032,
U1068,135085,
U1068,132845,
U1068,135032,
U1068,135045,
U1068,135038,
U1068,135060,
U1068,135028,
U1068,135106,
U1068,135057,
U1068,135062,
U1068,135026,
U1068,135032,
U1068,132846,
U1068,135027,
U1068,132847,
U1068,135054,
U1068,135082,
U1068,135070,
U1068,132845,
U1068,135108,
U1068,132847,
U1068,132830,
U1068,135000,
U1068,134996,
U1068,134986,
U1068,132851,
U1068,132834,
U1068,135064,
U1068,135079,
U1068,135042,
U1068,135085,
U1068,135025,
U1068,132825,
U1068,135059,
U1068,135052,
U1068,132754,
U1068,135065,
U1068,135045,
U1068,132854,
U1068,132856,
U1068,132858,
U1068,132861,
U1068,132862,
U1068,132862,
U1068,135063,
U1068,135052,
U1068,135060,
U1068,135042,
U1068,132825,
U1068,132856,
U1068,135032,
U1068,132834,
U1068,135039,
U1068,135028,
U1068,135025,
U1068,135030,
U1068,135053,
U1068,135058,
U1068,132862,
U1068,135072,
U1068,135030,
U1068,135026,
U1068,135035,
U1068,135045,
U1068,132861,
U1068,135085,
U1068,132723,
U1068,132825,
U1068,135041,
U1068,132830,
U1068,135076,
U1068,135038,
U1068,132856,
U1068,135070,
U1068,135082,
U1068,135108,
U1068,132858,
U1068,135069,
U1068,132846,
U1068,132845,
U1068,132851,
U1068,132847,
U1068,135038,
U1068,135057,
U1068,135085,
U1068,135032,
U1068,135079,
U1068,135046,
U1068,132856,
U1068,132854,
U1068,135039,
U1068,132825,
U1068,135085,
U1068,135030,
U1068,135062,
U1068,135047,
U1068,135052,
U1068,132834,
U1068,135106,
U1068,132754,
U1068,135052,
U1068,132856,
U1068,135032,
U1068,135025,
U1068,132834,
U1068,135047,
U1068,135042,
U1068,135039,
U1068,132866,
U1068,135066,
U1068,135085,
U1068,135033,
U1068,135062,
U1068,132862,
U1068,135030,
U1068,135079,
U1068,135064,
U1068,132869,
U1068,132870,
U1068,135041,
U1068,134986,
U1068,134976,
U1068,132768,
U1068,132766,
U1068,132825,
U1068,135064,
U1068,132856,
U1068,135085,
U1068,135032,
U1068,132834,
U1068,135052,
U1068,135060,
U1068,135051,
U1068,135041,
U1068,132754,
U1068,132862,
U1068,135060,
U1068,135059,
U1068,132834,
U1068,135058,
U1068,135038,
U1068,132825,
U1068,135052,
U1068,135063,
U1068,135079,
U1068,132834,
U1068,135042,
U1068,135032,
U1068,135106,
U1068,132856,
U1068,135045,
U1068,135060,
U1068,135066,
U1068,135085,
U1068,135052,
U1068,132862,
U1068,135051,
U1068,135062,
U1068,132875,
U1068,132877,
U1068,132884,
U1068,132872,
U1068,135034,
U1068,135058,
U1068,135086,
U1068,132861,
U1068,135049,
U1068,132723,
U1068,132723,
U1068,135086,
U1068,135055,
U1068,135058,
U1068,135085,
U1068,135064,
U1068,135035,
U1068,135072,
U1068,135025,
U1068,135032,
U1068,135086,
U1068,132572,
U1068,135038,
U1068,132885,
U1068,135076,
U1068,132834,
U1068,132866,
U1068,132858,
U1068,135043,
U1068,132885,
U1068,132854,
U1068,132872,
U1068,135108,
U1068,132851,
U1068,132856,
U1068,132869,
U1068,135066,
U1068,135069,
U1068,135038,
U1068,135060,
U1068,135045,
U1068,132846,
U1068,135054,
U1068,135042,
U1068,132773,
U1068,134999,
U1068,135013,
U1068,135019,
U1068,135021,
U1068,135021,
U1068,132767,
U1068,135013,
U1068,134999,
U1068,135019,
U1068,132767,
U1068,134999,
U1068,132768,
U1068,135021,
U1068,134996,
U1068,135079,
U1068,135072,
U1068,135085,
U1068,135076,
U1068,135062,
U1068,135060,
U1068,135039,
U1068,135052,
U1068,132856,
U1068,135051,
U1068,135025,
U1068,135041,
U1068,135038,
U1068,135032,
U1068,135045,
U1068,134986,
U1068,134992,
U1068,132845,
U1068,135071,
U1068,132858,
U1068,132854,
U1068,132877,
U1068,135071,
U1068,132851,
U1068,135108,
U1068,132869,
U1068,132869,
U1068,132870,
U1068,132851,
U1068,132847,
U1068,135082,
U1068,132854,
U1068,132845,
U1068,132866,
U1068,132870,
U1068,135054,
U1068,132869,
U1068,132851,
U1068,132877,
U1068,132872,
U1068,132872,
U1068,135039,
U1068,135027,
U1068,135073,
U1068,135106,
U1068,132856,
U1068,135032,
U1068,135038,
U1068,135051,
U1068,135052,
U1068,135041,
U1068,135085,
U1068,135040,
U1068,135039,
U1068,135045,
U1068,135033,
U1068,135025,
U1068,135051,
U1068,135085,
U1068,135106,
U1068,135052,
U1068,135041,
U1068,132872,
U1068,135058,
U1068,135079,
U1068,135085,
U1068,135042,
U1068,132856,
U1068,132825,
U1068,132834,
U1068,135038,
U1068,132834,
U1068,135060,
U1068,135058,
U1068,135032,
U1068,135063,
U1068,132856,
U1068,135045,
U1068,135028,
U1068,135032,
U1068,135042,
U1068,135060,
U1068,135049,
U1068,135026,
U1068,135034,
U1068,135048,
U1068,135065,
U1068,132755,
U1068,132723,
U1068,135085,
U1068,135053,
U1068,135071,
U1068,132825,
U1068,135085,
U1068,135052,
U1068,135046,
U1068,135062,
U1068,132572,
U1068,135038,
U1068,135045,
U1068,135025,
U1068,132834,
U1068,132723,
U1068,134996,
U1068,132875,
U1068,135043,
U1068,132885,
U1068,135050,
U1068,135076,
U1068,135081,
U1068,135028,
U1068,132856,
U1068,135042,
U1068,135059,
U1068,132825,
U1068,132872,
U1068,135055,
U1068,135032,
U1068,132825,
U1068,135063,
U1068,135042,
U1068,135058,
U1068,135085,
U1068,135038,
U1068,132872,
U1068,135081,
U1068,135060,
U1068,135106,
U1068,135041,
U1068,132834,
U1068,135052,
U1068,135079,
U1068,132846,
U1068,132885,
U1068,135060,
U1068,132856,
U1068,135026,
U1068,135066,
U1068,135065,
U1068,132872,
U1068,135058,
U1068,132834,
U1068,132754,
U1068,135079,
U1068,135038,
U1068,135085,
U1068,135030,
U1068,135064,
U1068,135053,
U1068,132921,
U1068,132922,
U1068,132925,
U1068,132921,
U1068,135085,
U1068,132825,
U1068,135079,
U1068,135032,
U1068,135038,
U1068,132861,
U1068,135046,
U1068,132862,
U1068,132921,
U1068,132884,
U1068,135055,
U1068,135035,
U1068,135065,
U1068,135028,
U1068,135085,
U1068,135046,
U1068,135045,
U1068,132951,
U1068,132572,
U1068,132921,
U1068,135075,
U1068,135038,
U1068,135030,
U1068,135058,
U1068,135064,
U1068,135028,
U1068,132951,
U1068,135064,
U1068,132921,
U1068,132825,
U1068,132754,
U1068,135075,
U1068,135026,
U1068,132862,
U1068,132872,
U1068,135085,
U1068,135041,
U1068,135072,
U1068,132834,
U1068,132937,
U1068,132875,
U1068,135038,
U1068,132922,
U1068,132825,
U1068,135075,
U1068,135079,
U1068,132723,
U1068,132861,
U1068,132755,
U1068,132875,
U1068,135080,
U1068,135086,
U1068,135079,
U1068,135066,
U1068,135080,
U1068,132921,
U1068,132572,
U1068,135052,
U1068,132884,
U1068,135035,
U1068,132937,
U1068,132951,
U1068,132925,
U1068,132872,
U1068,132875,
U1068,135085,
U1068,135042,
U1068,135062,
U1068,135047,
U1068,135059,
U1068,132937,
U1068,135085,
U1068,132834,
U1068,132754,
U1068,132825,
U1068,132921,
U1068,132862,
U1068,132922,
U1068,135063,
U1068,132921,
U1068,135085,
U1068,132922,
U1068,132937,
U1068,135045,
U1068,135041,
U1068,135060,
U1068,132951,
U1068,132921,
U1068,132834,
U1068,132951,
U1068,135062,
U1068,135086,
U1068,135085,
U1068,132834,
U1068,132572,
U1068,132862,
U1068,135058,
U1068,135059,
U1068,135062,
U1068,132825,
U1068,132723,
U1068,132755,
U1068,135042,
U1068,132884,
U1068,135049,
U1068,135075,
U1068,132825,
U1068,135065,
U1068,135058,
U1068,132723,
U1068,132951,
U1068,132872,
U1068,132834,
U1068,135072,
U1068,132754,
U1068,132755,
U1068,132825,
U1068,135048,
U1068,132921,
U1068,135026,
U1068,132723,
U1068,135075,
U1068,135034,
U1068,135041,
U1068,132572,
U1068,135075,
U1068,135046,
U1068,132572,
U1068,135058,
U1068,135044,
U1068,135065,
U1068,132921,
U1068,135085,
U1068,132572,
U1068,135058,
U1068,132951,
U1068,132861,
U1068,135001,
U1068,134983,
U1068,135021,
U1068,134992,
U1068,132768,
U1068,135109,
U1068,132954,
U1068,132955,
U1068,132958,
U1068,132754,
U1068,135064,
U1068,135075,
U1068,135028,
U1068,132834,
U1068,135086,
U1068,132754,
U1068,135080,
U1068,135062,
U1068,135052,
U1068,135047,
U1068,135026,
U1068,135064,
U1068,132862,
U1068,135070,
U1068,132954,
U1068,135043,
U1068,135079,
U1068,135062,
U1068,135051,
U1068,132954,
U1068,135048,
U1068,132954,
U1068,135086,
U1068,132955,
U1068,132921,
U1068,132958,
U1068,135046,
U1068,135085,
U1068,132572,
U1068,132922,
U1068,132866,
U1068,135080,
U1068,132834,
U1068,132825,
U1068,132862,
U1068,132954,
U1068,132877,
U1068,135064,
U1068,135046,
U1068,135025,
U1068,132925,
U1068,132862,
U1068,135075,
U1068,132847,
U1068,135030,
U1068,135071,
U1068,132834,
U1068,132958,
U1068,132825,
U1068,135028,
U1068,135047,
U1068,132846,
U1068,135064,
U1068,132830,
U1068,135079,
U1068,135058,
U1068,132954,
U1068,132958,
U1068,135026,
U1068,132955,
U1068,135044,
U1068,132862,
U1068,135085,
U1068,135030,
U1068,135053,
U1068,132825,
U1068,132754,
U1068,135058,
U1068,132875,
U1068,135079,
U1068,132925,
U1068,135064,
U1068,132921,
U1068,135060,
U1068,132954,
U1068,132951,
U1068,132921,
U1068,132955,
U1068,132884,
U1068,135049,
U1068,135034,
U1068,132954,
U1068,135079,
U1068,132875,
U1068,135026,
U1068,132922,
U1068,132572,
U1068,135075,
U1068,132825,
U1068,135048,
U1068,135030,
U1068,132884,
U1068,135054,
U1068,132869,
U1068,132866,
U1068,135082,
U1068,132851,
U1068,132870,
U1068,135062,
U1068,132572,
U1068,135064,
U1068,135080,
U1068,132951,
U1068,132954,
U1068,135052,
U1068,132834,
U1068,135060,
U1068,135065,
U1068,132862,
U1068,132921,
U1068,135042,
U1068,135032,
U1068,135051,
U1068,135085,
U1068,132862,
U1068,135052,
U1068,135076,
U1068,135043,
U1068,135058,
U1068,135053,
U1068,132885,
U1068,135050,
U1068,132872,
U1068,135066,
U1068,132921,
U1068,135062,
U1068,135106,
U1068,132825,
U1068,135052,
U1068,132862,
U1068,132875,
U1068,135059,
U1068,135041,
U1068,132925,
U1068,135085,
U1068,135025,
U1068,135072,
U1068,135064,
U1068,135086,
U1068,135055,
U1068,135074,
U1068,135026,
U1068,132862,
U1068,132955,
U1068,132921,
U1068,135072,
U1068,132723,
U1068,135055,
U1068,135064,
U1068,132958,
U1068,135075,
U1068,132958,
U1068,135048,
U1068,135046,
U1068,135028,
U1068,135086,
U1068,135053,
U1068,132861,
U1068,135062,
U1068,135055,
U1068,135053,
U1068,135058,
U1068,135079,
U1068,135059,
U1068,135064,
U1068,135047,
U1068,135065,
U1068,132854,
U1068,132858,
U1068,135042,
U1068,132870,
U1068,135076,
U1068,132847,
U1068,132951,
U1068,135060,
U1068,132732,
U1068,132733,
U1068,135104,
U1068,132732,
U1068,132609,
U1068,132608,
U1068,132560,
U1068,132740,
U1068,132594,
U1068,132584,
U1068,132740,
U1068,132706,
U1068,132654,
U1068,132630,
U1068,132663,
U1068,132613,
U1068,132667,
U1068,135104,
U1068,132660,
U1068,132732,
U1068,132740,
U1068,132560,
U1068,132594,
U1068,132663,
U1068,132626,
U1068,132706,
U1068,132561,
U1068,132665,
U1068,132665,
U1068,132561,
U1068,132626,
U1068,132564,
U1068,132654,
U1068,132665,
U1068,132654,
U1068,132561,
U1068,132626,
U1068,132706,
U1068,132608,
U1068,132609,
U1068,132717,
U1068,132613,
U1068,132564,
U1068,132732,
U1068,132630,
U1068,132715,
U1068,132733,
U1068,132594,
U1068,132660,
U1068,134999,
U1011,132825,
U1011,135106,
U1011,132667,
U1011,132613,
U1011,135040,
U1011,132732,
U1011,132875,
U1011,132609,
U1011,135082,
U1011,135070,
U1011,135069,
U1011,135065,
U1011,135076,
U1011,135086,
U1011,132870,
U1011,132854,
U1011,132937,
U1011,132856,
U1011,132668,
U1011,135033,
U1011,132862,
U1011,134983,
U1011,132851,
U1011,135013,
U1011,135042,
U1011,132768,
U1011,132561,
U1011,135045,
U1011,132847,
U1011,135054,
U1011,134975,
U1011,135053,
U1011,135050,
U1011,135025,
U1011,135030,
U1011,135057,
U1011,135079,
U1011,134992,
U1011,132954,
U1011,135041,
U1011,132608,
U1011,135046,
U1011,132564,
U1011,132869,
U1011,132925,
U1011,132955,
U1011,135059,
U1011,135001,
U1011,135063,
U1011,135080,
U1011,135000,
U1011,135066,
U1011,135034,
U1011,135060,
U1011,135055,
U1011,135108,
U1011,135074,
U1011,135018,
U1011,135064,
U1011,135038,
U1011,135081,
U1011,132723,
U1011,135051,
U1011,135021,
U1011,135052,
U1011,132845,
U1011,135011,
U1011,132858,
U1011,135026,
U1011,132884,
U1011,135016,
U1011,135104,
U1011,132630,
U1011,135047,
U1011,132951,
U1011,132665,
U1011,135044,
U1011,135035,
U1011,135071,
U1011,132834,
U1011,132846,
U1011,135048,
U1011,132717,
U1011,132861,
U1011,132885,
U1011,132740,
U1011,132830,
U1011,132773,
U1011,132706,
U1011,132872,
U1011,134987,
U1011,132572,
U1011,132958,
U1011,132733,
U1011,132922,
U1011,132715,
U1011,135027,
U1011,132767,
U1011,135039,
U1011,134996,
U1011,132755,
U1011,135043,
U1011,132654,
U1011,135049,
U1011,135073,
U1011,132560,
U1011,134976,
U1011,135075,
U1011,132660,
U1011,132921,
U1011,132594,
U1011,134986,
U1011,135062,
U1011,132766,
U1011,135088,
U1011,135058,
U1011,132754,
U1011,132584,
U1011,135032,
U1011,135028,
U1011,135085,
U1011,132663,
U1011,132626,
U1011,132583,
U1011,132866,
U1011,135072,
U1011,135109,
U1011,135019,
U1011,132877,
U1011,132740,
U1011,132733,
U1011,132668,
U1011,132660,
U1011,132733,
U1011,132608,
U1011,132660,
U1011,132584,
U1011,132609,
U1011,135104,
U1011,132667,
U1011,132564,
U1011,132715,
U1011,132732,
U1011,132733,
U1011,135011,
U1011,134987,
U1011,134976,
U1011,135018,
U1011,132766,
U1011,135088,
U1011,135016,
U1011,132773,
U1011,135000,
U1011,132583,
U1011,132768,
U1011,135021,
U1011,134983,
U1011,135001,
U1011,134992,
U1011,135088,
U1011,132768,
U1011,134996,
U1011,135109,
U1011,135088,
U1011,135109,
U1011,132768,
U1011,135051,
U1011,135075,
U1011,132572,
U1011,135028,
U1011,135025,
U1011,132572,
U1011,135049,
U1011,135106,
U1011,135072,
U1011,135074,
U1011,132755,
U1011,135044,
U1011,135048,
U1011,135047,
U1011,132754,
U1011,132825,
U1011,135076,
U1011,135032,
U1011,132825,
U1011,135063,
U1011,135018,
U1011,132773,
U1011,135042,
U1011,135053,
U1011,132754,
U1011,132583,
U1011,135081,
U1011,135025,
U1011,135038,
U1011,135060,
U1011,135062,
U1011,135047,
U1011,135042,
U1011,135069,
U1011,135057,
U1011,135076,
U1011,135043,
U1011,135069,
U1011,135039,
U1011,135060,
U1011,135052,
U1011,132825,
U1011,135032,
U1011,135028,
U1011,135085,
U1011,135052,
U1011,135030,
U1011,135027,
U1011,132830,
U1011,132825,
U1011,135076,
U1011,132830,
U1011,135108,
U1011,135069,
U1011,135050,
U1011,135057,
U1011,135081,
U1011,135057,
U1011,135070,
U1011,135041,
U1011,135069,
U1011,135082,
U1011,135043,
U1011,135042,
U1011,135071,
U1011,135054,
U1011,135070,
U1011,135066,
U1011,135032,
U1011,135081,
U1011,135051,
U1011,132830,
U1011,135082,
U1011,135066,
U1011,135050,
U1011,135076,
U1011,135081,
U1011,135062,
U1011,135027,
U1011,135085,
U1011,135052,
U1011,132825,
U1011,135051,
U1011,135047,
U1011,135026,
U1011,135044,
U1011,132825,
U1011,135059,
U1011,135065,
U1011,135046,
U1011,135085,
U1011,135079,
U1011,135055,
U1011,132754,
U1011,132572,
U1011,135075,
U1011,135080,
U1011,135064,
U1011,135074,
U1011,135041,
U1011,135069,
U1011,135032,
U1011,135057,
U1011,132830,
U1011,135028,
U1011,135040,
U1011,135106,
U1011,135052,
U1011,135041,
U1011,135038,
U1011,135054,
U1011,135108,
U1011,134986,
U1011,135054,
U1011,132768,
U1011,135108,
U1011,135032,
U1011,135071,
U1011,135070,
U1011,135069,
U1011,135081,
U1011,135057,
U1011,135039,
U1011,135050,
U1011,135043,
U1011,135043,
U1011,135081,
U1011,135076,
U1011,135082,
U1011,135050,
U1011,135066,
U1011,135032,
U1011,134986,
U1011,135021,
U1011,135001,
U1011,135042,
U1011,132583,
U1011,135063,
U1011,132768,
U1011,135060,
U1011,135038,
U1011,135062,
U1011,135081,
U1011,135057,
U1011,135066,
U1011,135032,
U1011,135062,
U1011,135025,
U1011,135069,
U1011,135108,
U1011,135039,
U1011,135038,
U1011,135027,
U1011,135042,
U1011,135040,
U1011,135073,
U1011,135033,
U1011,135025,
U1011,135032,
U1011,135057,
U1011,135060,
U1011,135052,
U1011,135038,
U1011,135081,
U1011,135045,
U1011,135051,
U1011,135073,
U1011,135062,
U1011,135063,
U1011,135054,
U1011,135082,
U1011,135057,
U1011,135071,
U1011,132830,
U1011,135070,
U1011,135108,
U1011,135069,
U1011,135047,
U1011,135060,
U1011,135038,
U1011,135085,
U1011,135052,
U1011,135025,
U1011,135059,
U1011,135027,
U1011,132825,
U1011,135030,
U1011,132834,
U1011,135057,
U1011,135069,
U1011,132830,
U1011,135040,
U1011,135033,
U1011,135054,
U1011,135039,
U1011,135052,
U1011,135081,
U1011,135066,
U1011,135050,
U1011,135108,
U1011,135076,
U1011,135057,
U1011,135032,
U1011,132834,
U1011,135057,
U1011,132830,
U1011,135062,
U1011,135039,
U1011,135051,
U1011,135041,
U1011,135057,
U1011,135082,
U1011,135054,
U1011,135108,
U1011,135069,
U1011,132830,
U1011,135070,
U1011,135071,
U1011,135000,
U1011,132834,
U1011,135106,
U1011,135042,
U1011,132825,
U1011,135060,
U1011,135032,
U1011,135039,
U1011,135045,
U1011,135027,
U1011,135073,
U1011,135051,
U1011,135041,
U1011,135038,
U1011,135028,
U1011,135030,
U1011,135038,
U1011,132825,
U1011,135085,
U1011,135062,
U1011,135025,
U1011,135052,
U1011,135028,
U1011,135032,
U1011,135051,
U1011,135027,
U1011,135050,
U1011,135076,
U1011,132830,
U1011,135066,
U1011,135041,
U1011,135057,
U1011,135043,
U1011,135042,
U1011,135032,
U1011,135085,
U1011,132845,
U1011,135032,
U1011,135045,
U1011,135038,
U1011,135060,
U1011,135028,
U1011,135106,
U1011,135057,
U1011,135062,
U1011,135026,
U1011,135032,
U1011,132846,
U1011,135027,
U1011,132847,
U1011,135054,
U1011,135082,
U1011,135070,
U1011,132845,
U1011,135108,
U1011,132847,
U1011,132830,
U1011,135000,
U1011,134996,
U1011,134986,
U1011,132851,
U1011,132834,
U1011,135064,
U1011,135079,
U1011,135042,
U1011,135085,
U1011,135025,
U1011,132825,
U1011,135059,
U1011,135052,
U1011,132754,
U1011,135065,
U1011,135045,
U1011,132854,
U1011,132856,
U1011,132858,
U1011,132861,
U1011,132862,
U1011,132862,
U1011,135063,
U1011,135052,
U1011,135060,
U1011,135042,
U1011,132825,
U1011,132856,
U1011,135032,
U1011,132834,
U1011,135039,
U1011,135028,
U1011,135025,
U1011,135030,
U1011,135053,
U1011,135058,
U1011,132862,
U1011,135072,
U1011,135030,
U1011,135026,
U1011,135035,
U1011,135045,
U1011,132861,
U1011,135085,
U1011,132723,
U1011,132825,
U1011,135041,
U1011,132830,
U1011,135076,
U1011,135038,
U1011,132856,
U1011,135070,
U1011,135082,
U1011,135108,
U1011,132858,
U1011,135069,
U1011,132846,
U1011,132845,
U1011,132851,
U1011,132847,
U1011,135038,
U1011,135057,
U1011,135085,
U1011,135032,
U1011,135079,
U1011,135046,
U1011,132856,
U1011,132854,
U1011,135039,
U1011,132825,
U1011,135085,
U1011,135030,
U1011,135062,
U1011,135047,
U1011,135052,
U1011,132834,
U1011,135106,
U1011,132754,
U1011,135052,
U1011,132856,
U1011,135032,
U1011,135025,
U1011,132834,
U1011,135047,
U1011,135042,
U1011,135039,
U1011,132866,
U1011,135066,
U1011,135085,
U1011,135033,
U1011,135062,
U1011,132862,
U1011,135030,
U1011,135079,
U1011,135064,
U1011,132869,
U1011,132870,
U1011,135041,
U1011,134986,
U1011,134976,
U1011,132768,
U1011,132766,
U1011,132825,
U1011,135064,
U1011,132856,
U1011,135085,
U1011,135032,
U1011,132834,
U1011,135052,
U1011,135060,
U1011,135051,
U1011,135041,
U1011,132754,
U1011,132862,
U1011,135060,
U1011,135059,
U1011,132834,
U1011,135058,
U1011,135038,
U1011,132825,
U1011,135052,
U1011,135063,
U1011,135079,
U1011,132834,
U1011,135042,
U1011,135032,
U1011,135106,
U1011,132856,
U1011,135045,
U1011,135060,
U1011,135066,
U1011,135085,
U1011,135052,
U1011,132862,
U1011,135051,
U1011,135062,
U1011,132875,
U1011,132877,
U1011,132884,
U1011,132872,
U1011,135034,
U1011,135058,
U1011,135086,
U1011,132861,
U1011,135049,
U1011,132723,
U1011,132723,
U1011,135086,
U1011,135055,
U1011,135058,
U1011,135085,
U1011,135064,
U1011,135035,
U1011,135072,
U1011,135025,
U1011,135032,
U1011,135086,
U1011,132572,
U1011,135038,
U1011,132885,
U1011,135076,
U1011,132834,
U1011,132866,
U1011,132858,
U1011,135043,
U1011,132885,
U1011,132854,
U1011,132872,
U1011,135108,
U1011,132851,
U1011,132856,
U1011,132869,
U1011,135066,
U1011,135069,
U1011,135038,
U1011,135060,
U1011,135045,
U1011,132846,
U1011,135054,
U1011,135042,
U1011,132773,
U1011,134999,
U1011,135013,
U1011,135019,
U1011,135021,
U1011,135021,
U1011,132767,
U1011,135013,
U1011,134999,
U1011,135019,
U1011,132767,
U1011,134999,
U1011,132768,
U1011,135021,
U1011,134996,
U1011,135079,
U1011,135072,
U1011,135085,
U1011,135076,
U1011,135062,
U1011,135060,
U1011,135039,
U1011,135052,
U1011,132856,
U1011,135051,
U1011,135025,
U1011,135041,
U1011,135038,
U1011,135032,
U1011,135045,
U1011,134986,
U1011,134992,
U1011,132845,
U1011,135071,
U1011,132858,
U1011,132854,
U1011,132877,
U1011,135071,
U1011,132851,
U1011,135108,
U1011,132869,
U1011,132869,
U1011,132870,
U1011,132851,
U1011,132847,
U1011,135082,
U1011,132854,
U1011,132845,
U1011,132866,
U1011,132870,
U1011,135054,
U1011,132869,
U1011,132851,
U1011,132877,
U1011,132872,
U1011,132872,
U1011,135039,
U1011,135027,
U1011,135073,
U1011,135106,
U1011,132856,
U1011,135032,
U1011,135038,
U1011,135051,
U1011,135052,
U1011,135041,
U1011,135085,
U1011,135040,
U1011,135039,
U1011,135045,
U1011,135033,
U1011,135025,
U1011,135051,
U1011,135085,
U1011,135106,
U1011,135052,
U1011,135041,
U1011,132872,
U1011,135058,
U1011,135079,
U1011,135085,
U1011,135042,
U1011,132856,
U1011,132825,
U1011,132834,
U1011,135038,
U1011,132834,
U1011,135060,
U1011,135058,
U1011,135032,
U1011,135063,
U1011,132856,
U1011,135045,
U1011,135028,
U1011,135032,
U1011,135042,
U1011,135060,
U1011,135049,
U1011,135026,
U1011,135034,
U1011,135048,
U1011,135065,
U1011,132755,
U1011,132723,
U1011,135085,
U1011,135053,
U1011,135071,
U1011,132825,
U1011,135085,
U1011,135052,
U1011,135046,
U1011,135062,
U1011,132572,
U1011,135038,
U1011,135045,
U1011,135025,
U1011,132834,
U1011,132723,
U1011,134996,
U1011,132875,
U1011,135043,
U1011,132885,
U1011,135050,
U1011,135076,
U1011,135081,
U1011,135028,
U1011,132856,
U1011,135042,
U1011,135059,
U1011,132825,
U1011,132872,
U1011,135055,
U1011,135032,
U1011,132825,
U1011,135063,
U1011,135042,
U1011,135058,
U1011,135085,
U1011,135038,
U1011,132872,
U1011,135081,
U1011,135060,
U1011,135106,
U1011,135041,
U1011,132834,
U1011,135052,
U1011,135079,
U1011,132846,
U1011,132885,
U1011,135060,
U1011,132856,
U1011,135026,
U1011,135066,
U1011,135065,
U1011,132872,
U1011,135058,
U1011,132834,
U1011,132754,
U1011,135079,
U1011,135038,
U1011,135085,
U1011,135030,
U1011,135064,
U1011,135053,
U1011,132921,
U1011,132922,
U1011,132925,
U1011,132921,
U1011,135085,
U1011,132825,
U1011,135079,
U1011,135032,
U1011,135038,
U1011,132861,
U1011,135046,
U1011,132862,
U1011,132921,
U1011,132884,
U1011,135055,
U1011,135035,
U1011,135065,
U1011,135028,
U1011,135085,
U1011,135046,
U1011,135045,
U1011,132951,
U1011,132572,
U1011,132921,
U1011,135075,
U1011,135038,
U1011,135030,
U1011,135058,
U1011,135064,
U1011,135028,
U1011,132951,
U1011,135064,
U1011,132921,
U1011,132825,
U1011,132754,
U1011,135075,
U1011,135026,
U1011,132862,
U1011,132872,
U1011,135085,
U1011,135041,
U1011,135072,
U1011,132834,
U1011,132937,
U1011,132875,
U1011,135038,
U1011,132922,
U1011,132825,
U1011,135075,
U1011,135079,
U1011,132723,
U1011,132861,
U1011,132755,
U1011,132875,
U1011,135080,
U1011,135086,
U1011,135079,
U1011,135066,
U1011,135080,
U1011,132921,
U1011,132572,
U1011,135052,
U1011,132884,
U1011,135035,
U1011,132937,
U1011,132951,
U1011,132925,
U1011,132872,
U1011,132875,
U1011,135085,
U1011,135042,
U1011,135062,
U1011,135047,
U1011,135059,
U1011,132937,
U1011,135085,
U1011,132834,
U1011,132754,
U1011,132825,
U1011,132921,
U1011,132862,
U1011,132922,
U1011,135063,
U1011,132921,
U1011,135085,
U1011,132922,
U1011,132937,
U1011,135045,
U1011,135041,
U1011,135060,
U1011,132951,
U1011,132921,
U1011,132834,
U1011,132951,
U1011,135062,
U1011,135086,
U1011,135085,
U1011,132834,
U1011,132572,
U1011,132862,
U1011,135058,
U1011,135059,
U1011,135062,
U1011,132825,
U1011,132723,
U1011,132755,
U1011,135042,
U1011,132884,
U1011,135049,
U1011,135075,
U1011,132825,
U1011,135065,
U1011,135058,
U1011,132723,
U1011,132951,
U1011,132872,
U1011,132834,
U1011,135072,
U1011,132754,
U1011,132755,
U1011,132825,
U1011,135048,
U1011,132921,
U1011,135026,
U1011,132723,
U1011,135075,
U1011,135034,
U1011,135041,
U1011,132572,
U1011,135075,
U1011,135046,
U1011,132572,
U1011,135058,
U1011,135044,
U1011,135065,
U1011,132921,
U1011,135085,
U1011,132572,
U1011,135058,
U1011,132951,
U1011,132861,
U1011,135001,
U1011,134983,
U1011,135021,
U1011,134992,
U1011,132768,
U1011,135109,
U1011,132954,
U1011,132955,
U1011,132958,
U1011,132754,
U1011,135064,
U1011,135075,
U1011,135028,
U1011,132834,
U1011,135086,
U1011,132754,
U1011,135080,
U1011,135062,
U1011,135052,
U1011,135047,
U1011,135026,
U1011,135064,
U1011,132862,
U1011,135070,
U1011,132954,
U1011,135043,
U1011,135079,
U1011,135062,
U1011,135051,
U1011,132954,
U1011,135048,
U1011,132954,
U1011,135086,
U1011,132955,
U1011,132921,
U1011,132958,
U1011,135046,
U1011,135085,
U1011,132572,
U1011,132922,
U1011,132866,
U1011,135080,
U1011,132834,
U1011,132825,
U1011,132862,
U1011,132954,
U1011,132877,
U1011,135064,
U1011,135046,
U1011,135025,
U1011,132925,
U1011,132862,
U1011,135075,
U1011,132847,
U1011,135030,
U1011,135071,
U1011,132834,
U1011,132958,
U1011,132825,
U1011,135028,
U1011,135047,
U1011,132846,
U1011,135064,
U1011,132830,
U1011,135079,
U1011,135058,
U1011,132954,
U1011,132958,
U1011,135026,
U1011,132955,
U1011,135044,
U1011,132862,
U1011,135085,
U1011,135030,
U1011,135053,
U1011,132825,
U1011,132754,
U1011,135058,
U1011,132875,
U1011,135079,
U1011,132925,
U1011,135064,
U1011,132921,
U1011,135060,
U1011,132954,
U1011,132951,
U1011,132921,
U1011,132955,
U1011,132884,
U1011,135049,
U1011,135034,
U1011,132954,
U1011,135079,
U1011,132875,
U1011,135026,
U1011,132922,
U1011,132572,
U1011,135075,
U1011,132825,
U1011,135048,
U1011,135030,
U1011,132884,
U1011,135054,
U1011,132869,
U1011,132866,
U1011,135082,
U1011,132851,
U1011,132870,
U1011,135062,
U1011,132572,
U1011,135064,
U1011,135080,
U1011,132951,
U1011,132954,
U1011,135052,
U1011,132834,
U1011,135060,
U1011,135065,
U1011,132862,
U1011,132921,
U1011,135042,
U1011,135032,
U1011,135051,
U1011,135085,
U1011,132862,
U1011,135052,
U1011,135076,
U1011,135043,
U1011,135058,
U1011,135053,
U1011,132885,
U1011,135050,
U1011,132872,
U1011,135066,
U1011,132921,
U1011,135062,
U1011,135106,
U1011,132825,
U1011,135052,
U1011,132862,
U1011,132875,
U1011,135059,
U1011,135041,
U1011,132925,
U1011,135085,
U1011,135025,
U1011,135072,
U1011,135064,
U1011,135086,
U1011,135055,
U1011,135074,
U1011,135026,
U1011,132862,
U1011,132955,
U1011,132921,
U1011,135072,
U1011,132723,
U1011,135055,
U1011,135064,
U1011,132958,
U1011,135075,
U1011,132958,
U1011,135048,
U1011,135046,
U1011,135028,
U1011,135086,
U1011,135053,
U1011,132861,
U1011,135062,
U1011,135055,
U1011,135053,
U1011,135058,
U1011,135079,
U1011,135059,
U1011,135064,
U1011,135047,
U1011,135065,
U1011,132854,
U1011,132858,
U1011,135042,
U1011,132870,
U1011,135076,
U1011,132847,
U1011,132951,
U1011,135060,
U1011,132732,
U1011,132733,
U1011,135104,
U1011,132732,
U1011,132609,
U1011,132608,
U1011,132560,
U1011,132740,
U1011,132594,
U1011,132584,
U1011,132740,
U1011,132706,
U1011,132654,
U1011,132630,
U1011,132663,
U1011,132613,
U1011,132667,
U1011,135104,
U1011,132660,
U1011,132732,
U1011,132740,
U1011,132560,
U1011,132594,
U1011,132663,
U1011,132626,
U1011,132706,
U1011,132561,
U1011,132665,
U1011,132665,
U1011,132561,
U1011,132626,
U1011,132564,
U1011,132654,
U1011,132665,
U1011,132654,
U1011,132561,
U1011,132626,
U1011,132706,
U1011,132608,
U1011,132609,
U1011,132717,
U1011,132613,
U1011,132564,
U1011,132732,
U1011,132630,
U1011,132715,
U1011,132733,
U1011,132594,
U1011,132660,
